{
  "storage_version": 1,
  "name": "av_rack",
  "comment": null,
  "esphome_version": "1.14.5",
  "src_version": 1,
  "arduino_version": "espressif8266@2.2.3",
  "address": "av_rack.local",
  "esp_platform": "ESP8266",
  "board": "esp01_1m",
  "build_path": "/config/esphome/av_rack",
  "firmware_bin_path": "/data/av_rack/.pioenvs/av_rack/firmware.bin",
  "loaded_integrations": [
    "api",
    "async_tcp",
    "captive_portal",
    "dallas",
    "esphome",
    "gpio",
    "logger",
    "network",
    "ota",
    "sensor",
    "switch",
    "web_server_base",
    "wifi"
  ]
}
