{
  "storage_version": 1,
  "name": "kitchen_lamp",
  "comment": null,
  "esphome_version": "1.14.5",
  "src_version": 1,
  "arduino_version": "espressif8266@2.2.3",
  "address": "kitchen_lamp.local",
  "esp_platform": "ESP8266",
  "board": "esp01_1m",
  "build_path": "/config/esphome/kitchen_lamp",
  "firmware_bin_path": "/data/kitchen_lamp/.pioenvs/kitchen_lamp/firmware.bin",
  "loaded_integrations": [
    "api",
    "async_tcp",
    "binary_sensor",
    "captive_portal",
    "esphome",
    "gpio",
    "logger",
    "network",
    "ota",
    "status_led",
    "switch",
    "web_server_base",
    "wifi"
  ]
}
