{
  "storage_version": 1,
  "name": "power_sensor_phase2",
  "comment": null,
  "esphome_version": "1.14.5",
  "src_version": 1,
  "arduino_version": "espressif8266@2.2.3",
  "address": "power_sensor_phase2.local",
  "esp_platform": "ESP8266",
  "board": "esp01_1m",
  "build_path": "/config/esphome/power_sensor_phase2",
  "firmware_bin_path": "/data/power_sensor_phase2/.pioenvs/power_sensor_phase2/firmware.bin",
  "loaded_integrations": [
    "api",
    "async_tcp",
    "captive_portal",
    "esphome",
    "json",
    "logger",
    "network",
    "ota",
    "web_server",
    "web_server_base",
    "wifi"
  ]
}
