{
  "storage_version": 1,
  "name": "bedroom_solimo",
  "comment": null,
  "esphome_version": "1.14.5",
  "src_version": 1,
  "arduino_version": "espressif8266@2.2.3",
  "address": "bedroom_solimo.local",
  "esp_platform": "ESP8266",
  "board": "esp01_1m",
  "build_path": "/config/esphome/bedroom_solimo",
  "firmware_bin_path": "/data/bedroom_solimo/.pioenvs/bedroom_solimo/firmware.bin",
  "loaded_integrations": [
    "api",
    "async_tcp",
    "captive_portal",
    "esp8266_pwm",
    "esphome",
    "json",
    "light",
    "logger",
    "network",
    "ota",
    "output",
    "rgbww",
    "web_server",
    "web_server_base",
    "wifi"
  ]
}
