{
  "storage_version": 1,
  "name": "study_light_strip",
  "comment": null,
  "esphome_version": "1.14.5",
  "src_version": 1,
  "arduino_version": "espressif8266@2.2.3",
  "address": "study_light_strip.local",
  "esp_platform": "ESP8266",
  "board": "esp01_1m",
  "build_path": "/config/esphome/study_light_strip",
  "firmware_bin_path": "/data/study_light_strip/.pioenvs/study_light_strip/firmware.bin",
  "loaded_integrations": [
    "api",
    "async_tcp",
    "captive_portal",
    "dallas",
    "esphome",
    "gpio",
    "logger",
    "network",
    "ota",
    "sensor",
    "switch",
    "web_server_base",
    "wifi"
  ]
}
