{
  "storage_version": 1,
  "name": "terrace_light",
  "comment": null,
  "esphome_version": "1.14.5",
  "src_version": 1,
  "arduino_version": "espressif8266@2.2.3",
  "address": "terrace_light.local",
  "esp_platform": "ESP8266",
  "board": "esp01_1m",
  "build_path": "/config/esphome/terrace_light",
  "firmware_bin_path": "/data/terrace_light/.pioenvs/terrace_light/firmware.bin",
  "loaded_integrations": [
    "adc",
    "api",
    "async_tcp",
    "captive_portal",
    "dallas",
    "esphome",
    "gpio",
    "logger",
    "network",
    "ota",
    "sensor",
    "switch",
    "voltage_sampler",
    "web_server_base",
    "wifi"
  ]
}
